S&P 500 Returns,My Returns
0.010032967032966997,-0.006329700000000048
-0.008845321118884034,0.004718063929253136
-0.028100987925356775,0.007579742146733567
-0.04687147052179812,-4.145434981381944e-05
0.006517359876762616,-0.002998059120329991
-0.029903461266776454,0.00016855411936406308
0.024878640776698994,0.005816732039394514
0.001065719360568424,-0.0005289076175123246
-0.035249585994795406,0.004887645649271913
0.03151054438450212,0.008731108547059864
0.05395221680732202,-0.015220226328769088
-0.025172269902671726,-0.003382521555053833
0.0211714890613973,-0.0037438989362822707
-0.0006457679540483755,0.0009092410373477609
0.0012470241469221112,0.005322776176413702
0.03249547101449264,0.002182016402377625
0.004605768176335143,0.03675255642223833
0.01309900665866175,0.009866931270297053
0.022088137054196714,0.03518445168248268
-0.014336917562724009,0.032286484273508054
0.025454545454545407,0.021708802098092148
0.04860241969128088,0.242860043247933
0.000994629003381682,-0.09345849541899832
-0.0028418124006359437,-0.0173676284091038
-0.015584829702851834,0.028782820346001582
0.0026318453284744497,0.07659493435399461
0.004442200908632125,0.07402877449561392
-0.003919991958990858,-0.04087705951340679
-0.005247225025227146,0.033931049968542584
0.006897950902820114,0.02104314123971084
-0.009258512996171638,-0.029763743016418518
0.010361903987146676,0.01867171140157217
0.024154589371980735,0.07980368846381974
-0.011694182389937084,0.025583506121345533
0.023366809187630448,0.00630808034694743
-0.00971628449280995,0.01763110869503557
0.022468602825745743,0.04046340527781084
-0.036407254582093956,-0.05929225320411782
0.032703951561504206,0.0078846094281563
0.00501446480231433,0.057366809368200065
0.011801957397812358,0.06519178543809348
-0.02446657183499287,-0.018848412198953928
0.025469038592398217,0.0676050964342255
0.010427528675703804,0.06444957516097884
-0.0025330706445257155,0.0710258772732533
-0.019469525959368014,-0.04943664324536628
0.019568345323741066,0.0446813137779389
0.007902907140840992,-0.04521135577348016
0.007467562774199677,0.0329736985681317
0.011674233299360612,0.0013239549270171332
0.005220258265408988,0.047469395800493086
0.017401603498542244,-0.015433309189462955
0.010119100922360486,0.012020552583198497
0.01037234042553193,0.09432091781679112
0.009476177941563555,0.02118488567983948
-0.013906996957844366,-0.0418117214295166
-0.0002644336712208121,0.00106218168834248
0.021424792805501736,0.04961385934460683
-0.003452740612861508,-0.03597174293570072
-0.00251190991771335,-0.013459152203289058
0.002344564084751739,0.004599901905386447
-0.031967426145715995,-0.023941239331472453
0.005727581886522161,0.017208361307841397
-0.013169603132229844,0.04277371919760134
0.03552750225428312,0.08402537099240324
0.004615116684082211,4.9373845870009144e-05
-0.017422206812863005,-0.01312294156874029
0.008909668313338084,-0.012982550950310145
-0.019847862201626265,-0.03620079666715044
-0.007493309545049094,0.0042722278219264834
-0.011414704296242998,-0.010703871297524899
-0.0002727520683698621,0.0012961459542585342
0.02500909421607857,0.025250970931668327
0.0033714843403424314,0.02189334783412208
0.00831196392253955,0.029423953760861286
-0.006752608962553679,0.003488558823410835
0.009800459120607447,0.01654558749441775
-0.01049226195680688,0.05654155785506662
-0.012989308120526632,-0.021518090931244304
-0.00026857654431513997,-0.01094303308699511
-0.018805408793767298,-0.026824453679320192
0.007118736880533003,0.025640012622378347
-0.023652016311735382,-0.00801845254096129
-0.005476146278076883,-0.0052185109718848755
0.0228651423238451,0.003210127548414265
0.014507299270072892,0.00034096150390554905
0.009892975987049272,8.463966317900048e-06
0.0008905512512244573,0.008299493491314643
0.005160601476999718,0.00018853162720942437
-0.016110471806674277,-0.02806178851736377
0.010256410256410262,0.007383445247249408
0.0077477958856531325,0.00925156075911767
-0.018734535171438586,-0.015458698347168148
0.0013508645533140441,0.09218162918925007
0.017537548340678145,0.03357256818792764
0.033851864946084484,0.05289333262248068
0.008720184662734122,0.025330351681078733
0.006017459106703905,-0.021212481006848683
-0.0018534119629317512,0.04573756101673179
0.006667792032410466,0.015833966450870762
-0.003353735222604104,-0.0369101800466683
0.004458652309245403,0.009684434594908828
0.011976549413735282,0.008637063361645143
0.0036414797649590145,0.009908608266743075
-0.01970808938731756,-0.08309044994102367
-0.0072341857335127815,0.023820392148006426
-0.0022030164378918056,0.01507905185784829
-0.002207880434782652,-0.010266704799839687
0.012851063829787278,0.008512343974251126
0.005713805562557706,0.043609615617306995
0.004093909265602883,0.011283690689338752
0.00033283408220995207,-0.003024907739720447
0.014723007818998587,0.07220964149745374
-0.005492253463398653,0.055735107415919145
-0.018298714144411463,0.06740719141360216
-0.01427371956339213,-1.0313255358200958e-07
0.010306643952299776,0.021847877446226422
0.0041311862406205975,0.03794585140723583
-0.02753988245172125,-0.06486565640929691
-0.0006907269901571256,0.017583003297998775
-0.005616035942630082,-0.03810801005811826
0.024589451733426,0.04030729556820704
-0.014077340569877854,0.020536578799184177
0.026750387063478404,0.06807481254083345
0.005696573678478618,0.007721275262224599
0.0038317367763432567,-0.003460425495156643
-8.29806655049798e-05,-0.02027577689444224
0.008713692946058067,-0.01078535416625602
-0.013903743315508003,-0.01320947289596598
-0.0035040881027865985,0.024706464993912124
0.003265237776289355,0.008820973413895367
0.02478511224234331,0.03603961046226781
0.0004885993485342205,0.04420158512289863
0.01229041185088723,0.006422540679164267
-0.007477687545228004,-0.0042120561847750135
0.0009721322099805942,-0.0020350279619550846
-0.008093234056328908,-0.027452626873026017
-0.008975195822454261,0.004973429916234653
0.010785443767495373,0.0035071993694344612
0.008796937362547956,0.005525897350833665
-0.0047638272103351096,-0.026632939325005062
-0.01622586402725945,-0.02004957147744564
0.01088570014844131,0.012624203238685584
-0.02349486049926575,-0.05486948065369358
-0.013450292397660813,-0.04527728321292945
0.0020323482089930974,0.02777547102853735
0.001436660187610933,-0.025710832906120768
0.03232067510548522,-0.010575670607019019
0.008501594048884217,0.04401972442584517
0.013131231255572704,0.03970329657423047
0.017041363309064687,0.003560381471438878
-0.0030679672750157376,0.04234553906571854
-0.004576659038901588,-0.02694351135024472
0.009353943717796215,-0.038098881219169364
-0.003926804366606456,0.010644905191474282
-0.016399905385161225,-0.020369300752610654
0.026052104208416832,0.06910436124537801
0.0049218749999999645,0.09591145853812535
-0.0025654979398272884,0.030806321963513537
-0.005300077942322734,0.03103463406900082
-0.008070835292273947,-0.01127237020155161
-0.0015799036258788439,-0.005816824052680028
0.021125089010206516,0.054071972105586764
0.0005423833875716192,0.030742721658497604
-0.0033299775420119787,0.026903980860296856
-0.0075369075369074185,0.012716637994422025
0.023252172551475648,0.03207390430469591
-0.005049732211170594,0.000895917879059943
-7.689941556437177e-05,0.11542462902687843
0.00807505960163048,0.01356629357712765
-0.01914861153494064,-0.029660127802950433
0.02403360037333751,0.05049825572301929
-0.006987695579522919,-0.018370514896584377
0.009331497628881741,0.020962028855989308
-0.01159442255228858,-0.04460291552971154
-0.02829103733803571,-0.06354894653527443
0.010020514439008851,-0.01863558852463029
0.009061792047496485,0.030495673966927282
-0.021444607881087017,-0.04811899821600568
-0.009493670886075972,0.019510631958674647
-0.00790734824281146,-0.012996425628573715
0.026728926817486457,0.06442615275505068
-0.0034501685877832487,-0.001864364470218476
-0.022661106302620155,0.0026122921368948704
0.007084775782948196,-0.011746041122180606
0.015588776081221542,-0.0022452140168629066
0.01503463476070515,0.02380502179776884
-0.014501744862349675,-0.01951101501670177
0.02423670129052564,0.04513744369586642
-0.003610940381069444,-0.01629430334355063
0.011411828205721475,-0.0050602525272875325
-0.008309826942136184,-0.01706160081476675
0.01660516605166049,-0.004634077308190237
-0.004461584996975222,-0.0033298210101741325
0.016710976072920537,0.021415886437635964
0.008068733657078914,0.05066895674036191
0.009486400355740022,0.05333137568684558
0.004331546876147151,0.019476158433586587
0.012938596491227937,0.014119665691174855
-0.009525871400736042,-0.01513761866648478
0.0068488160291438815,-0.014278017920863853
0.01266372385845575,0.04203302638583052
0.002215235100757484,0.03524782688111063
0.0016399286987521552,-0.015007900857323885
0.004769362186788269,0.019337124677319014
0.010485299326957066,-0.010677537682540268
-0.007221482156629049,0.045395239152342386
0.0027542372881356977,0.018994561352729766
-0.005211634622156553,-0.06955567229356711
0.0064424778761061705,0.07816854455638865
0.0023213280810355412,-0.031180423274041524
0.0009825250894798677,0.029421457715375143
0.014723410222253343,0.044329448005166305
0.0022801077869136497,0.017554795124822834
0.0026196056804080755,0.001502047900766511
0.0019939493949394393,0.011353129013850957
-0.0389761888423796,-0.05108137100036915
0.009068189932166952,0.0031453762989521123
-0.015284460798188486,-0.016210627155819612
0.028887611382581276,0.06681310292831023
-0.00663500488895109,0.002852881649392479
0.010124446319342095,0.025928412679533035
0.007795642792510447,0.020151207679352315
0.023896677947372113,0.0405340062324701
0.004924114671163506,0.0048166786034575075
0.011947912471472689,0.00515282434096438
-0.006633059166887769,-0.0006843278026526797
0.014356303418803458,0.028589593045458626
-0.002962280297544524,-0.007559720026782528
0.0164399841542322,0.008715198807241985
-0.0286456641766809,-0.0270481676108572
0.025143774241005883,0.030242945817753553
-0.012785388127853932,0.05091580590460601
-0.002973437293511224,-0.008452790290201236
0.009543375969249106,0.01475032623385422
0.014245388301713301,-0.0012459305710325968
0.0024595469255663137,0.07984549043711828
-0.04345299586776853,-0.05454201481107701
-0.006884913938575836,-0.008906291692911269
-0.021681506151022892,-0.020793270948628706
0.008753647353063911,-0.06884962875109053
0.009297520661156985,-0.007934584888328336
0.007505970658478296,0.057549905997285405
-0.007720961733830104,-0.01215918801267695
0.009350897549655346,0.0014581980170026065
0.03245875033811206,0.09040812385595032
0.0015064186533926497,-0.05860335791666121
0.013798966712445319,0.026044289911797622
0.0034189136885563226,0.007785057338701479
-0.01607200257152041,0.044919495562344335
0.0011042143090492173,-0.03339781105306384
-0.011219235212343078,-0.029590891658826463
-0.03900990099009899,-0.059012675011359074
0.004052476131602469,-0.006207555861311517
-0.02120673142700776,-0.04316772953841238
0.041515236231478875,0.05658090661635182
0.015971010602603645,0.0020672807563000867
-0.02278731836195501,-0.001657186573428604
-0.005272051368705651,0.01345438684079187
0.009512808316912258,-0.002105632968173369
-0.03513495322070404,-0.027619000651780072
-0.018625741192884463,-0.0022203247797199
-0.046986067671310874,-0.0008523476005047009
0.017528156932945647,-0.005857544125232591
0.010628940038117493,0.0011867856952317544
-0.03278450714441147,-0.0064926652051755865
0.009298837645294407,0.0012113610108186912
0.0022289917527305993,0.002581833445809183
0.004670472236637226,-0.001635844416388106
-0.042502951593860826,0.006454765328760008
0.019574599260172784,-0.0003305805280349575
-0.017309145880574604,0.013057799863764591
0.0219983078224753,-0.00038770046776671094
0.03010461353202378,-0.0056622593314659304
-0.017973259297143333,0.0010321861152589146
0.03303325645413286,-0.022201210093277864
0.004321209938783023,-0.0004999453281657139
0.019505198996055923,0.004177248915782753
-0.025532812829711076,-0.006219370807451821
0.03046051681824743,-0.0062753433888015995
-0.02577752871952913,-0.002313154315711804
0.009778544722461785,-0.010709720996465227
-0.0056251780119623476,-0.00020588438510675525
-0.032509846043680575,-0.019464739743125462
-0.015172822144919038,0.00024860731188895637
-0.03524725687659701,0.009344331006749685
-0.01059437563293604,0.002026703719544562
-0.025037398630029184,0.015728047577442613
0.01865460712266819,0.0009621854346486466
-0.0021404788330426196,-0.0005379777820311927
0.010248669261936856,-7.451751225065179e-05
-0.0033815665303553997,0.008043950382293035
0.025487256371814124,0.0005697904655896796
-0.010310864881502027,0.003347858876014912
0.00831907945887104,-0.0030456578879388256
-0.04996530187369874,0.013346250340745266
0.008684360035711332,0.003024422789435835
0.021000965561635013,-0.012483658176446422
-0.06320435022460395,0.0004402080344674452
-0.0493816774627745,0.009734013130448636
-0.22442477876106195,0.00022389681897589647
0.05248744865358277,-0.004386490896960466
-0.07914137033824802,-0.000449750666618186
0.11937838474217095,-0.02010546312210901
-0.03491796381994103,0.002327877416572384
-0.026482127288578974,0.01510992199738125
-0.13780364938990264,-0.0022961181218753633
0.15009088548428984,0.015484815424752236
-0.054639873560623206,-0.001135165800456793
0.018748507284451963,0.00010364034982783526
0.046301723127417684,0.0030737035509392765
-0.02296661438494283,-0.0028421341157843995
0.03921568627450966,-0.00027749316422647077
0.0055169369965794995,-0.018468709576671554
-0.05793920772522756,0.0002493895966781081
-0.05859056493884683,-0.01840653779558348
0.05295718881464985,0.00010194429875447706
-0.002585193889541869,-0.011137544444318439
-0.014373232799245982,-2.6076850828066393e-05
-0.08008606263447274,0.006401141697107558
-0.03625259875259883,9.595109623838589e-05
-0.06498584333288382,0.007675740852450301
0.0938716654650323,-0.000646333374519908
0.03941471131030858,0.026553271814250407
0.039061509194673404,0.0009664687766566001
0.017209813255217827,-0.008614120689778224
0.01487880969522432,0.004622477925934996
0.0258926460156065,0.005820774610428911
-0.009680765241442771,0.00021927605123989372
0.016525078552310037,-0.015693185417996636
0.05403548941041784,0.004089155879249393
-0.030194417291191496,0.011456316896711973
0.0008959569940642657,-0.0005128866183803855
0.022826451829472887,-0.01369812675700204
0.045290449622579596,0.00016573235595791143
-0.012035583464154804,0.014494674535992739
-0.02076271186440686,-0.04297575823093293
-0.00854608394634349,0.042740376920089904
-0.006873977086743149,0.007972869203195208
-0.034937376400790955,-0.0030972769177609097
0.07012750455373402,0.04889301423419042
0.03287234042553195,0.6103391578761799
0.015449582861262745,0.04817886232178795
0.023633228522162472,0.12272060763771304
0.00564803804994062,-0.014386705175332299
0.003645679377278454,0.02566540481164754
0.022089141959552326,-0.05213114965043644
-0.0314090865430794,-0.10383115241754162
0.04016263387544622,0.08301973194975516
0.02021165030031466,0.03578435399336947
-0.02027847864685545,-0.04204939896858921
-0.02583937428462422,-0.035772815377506435
0.044051267489792476,0.05763647195689912
0.020350745568789286,0.0324345174971586
0.007444852941176492,-0.004382335552619984
-0.030562904844448447,-0.08056684083119332
-0.0016751364577451276,-0.01175584276184244
0.030759223996530898,0.019532723772354006
-0.00022863413964965452,0.05414886763831813
-0.008141236736187345,-0.017675487710151146
0.03154108641519876,0.05575914206746768
-0.005543138131426057,0.03180522865557647
-0.009889418322395113,0.03507213641273149
0.019068373740125384,0.09180899253335656
0.004633342243606843,0.00432338005569352
0.009490022172949067,0.008575712125688308
0.008785802143735722,0.023762546673204984
-0.031353422748650134,0.011628720963450157
-0.018701672361086122,-0.024452777186638918
-0.02308960967564592,-0.02790529957721395
0.002907522040892912,0.07764131934209512
0.03413448050126243,0.018707133429623646
0.0010851871947911427,-0.02764721436945704
0.023396567299006354,0.06011684966802753
0.022067261011563245,0.0025317994611584803
0.009672683305984888,-0.013749182509342772
0.000427679411513227,0.019032696891807057
0.007181942544459551,0.06849315352633036
0.010526315789473762,0.042750949184446524
0.015624999999999995,0.022578015952039995
-0.000661703887510325,0.03312858953134512
-0.0003310710147327119,0.024669372589837736
-0.06673290279847659,-0.08375511184017753
0.02138041163946058,0.043427808184156765
-0.0805176756709806,-0.1367141298984065
0.04468165501605898,0.033944962857847864
-0.017271000994664946,-0.020644183480378456
-0.004876702245123308,-0.017579846156129224
0.03300970873786401,-0.004567029764123496
-0.03580379520229144,6.946306492372136e-05
-0.04326030449313031,0.010699554250656338
0.03997671259460513,0.0027922574062315066
0.017727187908191746,0.007120067916608922
0.0012834616795012886,-0.00015522889397751624
0.0,0.003879661637789009
0.02343893059879145,-0.0002851354895224145
-0.030506351762390378,0.011987251072650622
-0.008028052043923636,-0.0003867203218237763
-0.015162790697674376,0.0018493136359861977
0.04458297912534239,0.0002237562253475711
0.0051541730717062405,-0.004078717258697853
0.016012954300107962,4.852590539323118e-05
0.0068177793518683395,0.01086375500094162
0.01187230674522904,8.31122731188513e-05
0.00782200590996007,-0.01450530599229663
0.020438082097274837,0.04199845777461941
-0.0009296036508070602,-0.02110845787191371
0.00016917611233302515,-0.014594843712013703
0.03408322056833547,0.01197858736271461
-0.012267931626727735,0.009329908092279201
-0.007866191935083122,-0.026682363568272076
-0.005341345351360378,0.012898068609593926
0.024920288639033384,0.0025361497430788048
0.01629144494474003,0.04000318093235273
-0.00040277106492667277,0.009277950901439513
0.01256346200338462,0.019754384420159025
-0.0006287356047401374,-0.016486398623844774
0.01590348013060444,-0.003740346902488431
0.004883708169040508,0.059109257999186995
0.004914579920430575,-0.020606614093057266
0.010324483775811306,0.03409619011792149
0.004763734152900534,-0.0031643936068389868
0.0083275980729525,0.06339315841272146
0.018133005710645394,0.05075097404678173
-0.020484171322160148,-0.06691520227399943
0.014904942965779528,0.02482674702423554
-0.028023377791098522,-0.07414434344068889
-0.00678384212149241,-0.01832504158897947
0.018394908413536203,0.029159624390071224
0.01623351878667781,0.026614815583653098
0.004724763761811875,0.0656175664240706
-0.016496230499365588,-0.02987751035722723
0.014723740133576182,-0.004826124894135997
0.018100224382947016,-0.02305146610386987
-0.007934175727299533,-0.10626337495812403
0.0014069905213269975,-0.0021012060590576325
-0.005989795163794823,-0.01697142138260511
-0.007885731289986625,0.016720317168137603
-0.024295140971805705,-0.07555001376461042
-0.009375960651706108,-0.04361260732983695
-0.008301008533747148,-0.028647618501979284
0.0033638426034576594,0.012187164679387828
0.029003586464992976,0.02383358117733601
0.01507804212759516,0.010552604695152387
-0.017765171307008998,0.014383977655953431
0.02222813283684179,0.01902135653543045
-0.04278333271382391,-0.04598291934271414
-0.05498602050326176,-0.04799168530790901
-0.02605193951347799,-0.022356367276171227
-0.045228250780524844,0.018925699205001673
0.02182942996022977,0.00017198678774900074
0.026638989794153245,0.007223432187208144
-0.007160909856781755,0.0016175719635824779
0.029113279592702563,-0.011253718387939265
-0.07495815502840518,0.00040941557487065476
0.021124877440057088,-0.012914323345753462
0.020251396648044633,0.0001656597941023014
0.04320670773442857,-0.012347166088967755
0.0083654555892725,-0.00029861388300178707
0.04074827165514441,-0.007786344253996656
-0.02133479212253832,0.00011143614955058426
0.005350155713487197,0.00028245508533981495
-0.02668784749801429,-0.0003878452535779058
-0.05002448180186069,0.0031414568611802273
0.08325745210892542,-0.00031676304855669693
-0.012941904172812524,0.012056157333089389
-0.018237326263356602,-0.0003845962393322425
0.028641571194762683,-0.007528078720805224
0.002943516308671476,0.00012947076075848054
0.015943523439359127,-0.005346005438363876
0.002966895690193593,-0.0002450160583506727
0.02156313249260456,0.036689894298153065
0.0009906271431839053,-0.02651510173829438
0.020097442143727055,0.05360473200348262
0.0008208955223881615,-0.03669912805442388
0.017597494593989897,0.06386303201411117
0.0032241518282406225,0.006374839341493258
0.005185888539916792,0.040531894145797075
-0.0018165964249382356,-0.008176599855500743
0.021605881924728756,0.0199016623143621
-0.007752711311262765,0.010960641718707012
0.011921005385996384,-0.0130715471463869
-0.010574125328223553,-0.03889833476479027
-0.007387749246879938,-0.04701434127578137
-0.00014451911265272224,-0.025329772010463752
0.015971670159716757,-0.032385534459185975
-0.015009247403613696,0.013739343734180147
-0.02397631255867692,0.0070344152459995936
-0.028708842027376953,-0.04738351521486996
0.0093700007617886,-0.016575402568466718
-0.022641509433962263,-0.0002722870995442507
0.016602316602316647,0.011344392175659284
0.013444739840486214,0.09145680041388549
-0.0016489281966723674,0.11277358041001442
0.014264264264264309,0.0006219843058108512
0.003219837157661009,0.039469502140571294
-0.011104142841332465,0.032169745831123836
0.021808550324554216,0.016071813294818993
-0.000533029579490829,-0.004954057959094193
0.013077147866744744,0.01257682566889806
0.010384365760438434,-0.006521139370936441
0.014702733566483493,0.019287394615604
-0.012386579447140915,-0.039866613486932934
0.006274526561687643,-0.0012353851042724788
0.019038856253096453,-0.0019480639389424022
0.02123906098069191,0.00937249849541845
-0.003182850691658059,-0.008414785873300237
-0.017124923244865874,-0.009425396335522564
0.019436345966958292,0.02110193032043962
-0.023287484679286503,-0.05055063291462141
0.013873396542108262,-0.0144879386249774
-0.02805473423640248,0.013425191456966364
0.015493455960382015,0.04135495833268269
-0.041521527100459664,-0.021603249258761597
-0.012647187091147033,-0.02783850813935797
0.03261189634864552,0.020810036795407643
0.012903685748912826,0.0950590247215419
0.0030264639639638116,0.005511179318088193
-0.0016840923443967488,0.00340481721893841
-0.0011386799746960436,0.027539643495708126
-0.00955611225265294,0.05752545934058014
0.036802841918294894,0.05378895657771687
0.007469334612485461,-0.010717367667578694
0.006393687933614459,0.019726372926997172
0.01243579345769129,0.008377640714154304
0.005607476635514041,0.00306538212983425
0.004248539564524603,0.024345135067850732
0.0076348492860920224,-0.04649794153601986
-0.008036212156000882,-0.012242278306800124
-0.000661331922491861,0.0016167028815818913
0.029448745946661293,0.16658500623541772
0.0010928259192593693,0.007046740749220296
-0.005618699030373082,-0.02331211890839197
0.008750121081011386,0.01857641705811315
-0.014851802061327656,-0.08656974234188565
0.031743453115861915,0.018867212040141277
-0.026924893717524833,-0.006553766377186553
0.024731391585760504,0.053187549854311206
0.017868760303434213,0.0026177362940118117
0.011479987589202571,0.012101714487736991
0.018527607361963253,0.06270912472074641
-0.009637393085170427,-0.03820118942612711
0.004804768276365357,-0.05133709195045246
-0.009624114763028893,-0.009714254627033235
0.002139102799168771,0.08646050204141217
-0.027383057876440867,-0.011794161067174826
0.007148231753197986,0.03209900731334604
0.011455609513136617,0.025456860664273617
0.030715252985350293,0.02705129771057081
0.006688563750373103,0.027490834864428167
-0.0023135789286349074,0.012098529094194134
0.01260554168153172,0.044692868733074646
-0.004051673517322359,-0.023698329497243042
-0.020694534520370372,-0.056243675357908085
0.0019867549668874927,0.02613835025929832
-0.01255783212161271,0.015358013588990674
0.012900085189241843,0.08919836392142873
0.016400336417157213,0.03860739199729555
0.01749512382528523,0.029516627179055368
-0.01876270694162062,-0.023564926162864926
-0.006837556239640072,0.014624745921027136
0.006348165588769991,-0.01065618890129973
0.03020790143931762,0.033006514473133755
0.00885413672166959,-0.0221679817839161
0.003533367527212655,-0.0431650258885453
-0.006331989323641371,-0.026001167469490737
0.026146592370338718,0.013571450979567546
0.0023503202450570705,0.05370715498703306
0.007378925610650562,0.04315575038290566
-0.003408714837286238,-0.015381319485405404
-0.012076465835003023,-0.0036825444132347375
0.012492997198879495,0.1305123535656481
0.018867924528302025,0.07356296145005475
-0.0053220375801021945,-0.026247914493180563
0.004968333697313806,0.02818177692506248
0.0008149073721953914,-0.03630068153063863
-0.014602106177396578,-0.05516106277941825
-0.024629537817440664,-0.014290285300754088
0.00700896311399033,-0.009912714070442587
0.024845765563656634,0.06912344162989878
0.009193892628468269,-0.01590367987058449
0.007309798817851598,0.02410553341671292
0.016537645754153268,0.07025621950628615
-0.020123920987131342,-0.017210800090909917
0.015456952926552525,-0.015668362845062588
-0.014050774389270396,-0.0625604591004309
0.023940620782726057,0.0442597425335372
-0.040198223370324485,-0.04218566960393965
0.021421509392507997,0.025149555039225252
0.0066681006668101155,-0.008864213968437243
0.006837606837606691,-0.1074361540251457
-0.004881154499151038,-0.034402997751180595
-0.0008530603540200287,0.02211365718707979
0.012540021344717153,0.018050723161381416
0.013043478260869535,0.012736236478321589
0.01386396150344659,0.0266218035675264
-0.005336343578428962,-0.019559682895728802
0.010729945834408111,0.0410907777409251
-0.004389322717297063,0.010669227849014123
0.013738657917670614,0.024893013623414215
-0.007433628318584065,-0.05232202677715457
-1.5284287752118928e-05,-0.03403665909465609
0.009517161970072881,-0.03457779059504679
-0.0277322163062404,-0.005448194770025449
-0.0062289125356864185,0.009254989493138466
0.026038130060067822,0.022285638965577233
0.015195866317102418,-0.0033160807484487053
0.005365560124360611,0.023486798881254635
-0.0017457229787021511,-0.011251981406134294
-0.0004996502448287335,0.04273277854000008
0.007823435312937544,0.1405315542991477
-0.024379355670742394,-0.005552702062413002
-0.0056433982408866,0.0647430532695897
-0.016003681358012042,-0.09739558067693314
-0.02192777344764888,-0.013645339583691341
0.03697603995112367,0.03785144189009442
0.03355704697986583,0.00702774921096726
0.0070387627639535415,0.016927809322659894
0.005119117936601794,0.06785062667909185
0.016846229187071488,0.021959945950472803
-0.000770564438451149,0.05655442934478316
0.0016869095816463963,-0.03267085905499039
-0.025453495645479576,0.020200970527530785
0.018169250518416148,0.008098313636568866
0.009940839879740138,0.002529450919746375
-0.00897872953377829,0.0157624758440445
-0.0016957364341084996,0.00689742377320038
-0.03499150691579717,0.028014378735041687
0.03399718366525845,-0.021897582672600887
-0.02434338521400776,0.007843212473098724
0.02943742366459783,0.024726999120269707
0.012251815980629546,0.01549832316258067
0.0026312012629766605,-0.023253191584997147
0.007920603110983856,0.008620767299959559
-0.008663131982579116,0.057043811735642776
-0.013084379924549834,-0.01314649422752162
0.014443315430396212,0.004398432768755019
-0.020629128806849292,-0.1199852177051873
0.0015097647689085972,0.027849316983094112
0.017214549698502196,0.049523284336847814
-0.0014819772444784505,0.0035738391226498786
0.013233111504763776,0.030093099495223624
-0.009280172373059142,-0.09208334840115696
0.006343301378356389,-0.013355938182004999
0.0071090047393364926,0.005375789294826777
0.002494117647058829,-0.010146309916738434
-0.003098155189409926,0.03350841012939533
-0.0112539435890191,-0.0003258741342913403
0.0035717687398799883,-0.01845665385382925
0.0034404213923029197,-0.037788290430976014
-0.0058877775413208695,-0.013024056036125435
-0.009704581133152524,0.0025293487810298756
-0.003891050583657598,-0.08951842308161254
0.023606288580246826,0.09201707264120217
-0.009446185013309441,0.0004961141849285745
0.00442330558858505,-0.023560439325750585
-0.014726773368690282,-0.001312977248622194
0.00230691594175046,0.05050635443160211
-0.03222248861184367,-0.06656655742896306
-0.015854927414160516,-0.019209389424040064
-0.02824346775411562,-0.00017780100199637285
0.010672469174178852,0.001831467334445525
0.0061000615132253315,0.003647432426010812
-0.007846334131553431,0.0005498091619402075
-0.02545062394084125,0.018033385356603603
0.061420426401930746,0.0001602243360996417
0.00729782058283274,0.008552002936759227
0.020724494825037024,-0.00029321401592243256
0.00987421839163703,-0.006504852608874313
0.0032990676547932,6.79216192108249e-05
-0.02616279069767446,-0.0071719615312493745
0.024565696109615905,0.06089692028815574
0.00023881167311463615,0.008355293449891108
-0.015519052621526119,-0.0010346888552109407
-0.013775040015521187,-0.0030018539531835205
-0.003639403924654547,-0.0043691143286500094
0.01609161360383035,0.0359703450732021
-0.004663589992713041,0.008508612122294144
-0.04724486309727174,-0.0921520776096439
-0.043107422775472526,0.019109252234947336
0.015177065767284881,-0.0006168742127399229
0.0020566366081317027,0.011785972345662353
0.004525839385327782,-0.00014782172132509527
-0.0316429170159262,0.01343330323712936
0.035219649426531004,-4.267968450306135e-05
0.027593415207734524,0.0007130015261450664
0.017698214921426123,2.26780804987607e-05
0.006396481934935791,-0.005098360018754011
0.014201300958339465,0.00038718960193023756
-0.011260709914320603,0.0023569424405722726
0.011834612527853361,0.06656531454956365
0.004844866399138735,0.1045176125633804
0.01305215993766122,-0.013226166192010341
0.0028844767078506934,0.08735827325224847
-0.008153971525813824,0.05131540723656931
-0.013576016509673322,-0.10863235877708376
0.01033806957373843,-0.008850253459690297
-0.006061781678871054,-0.015522071644782308
0.022053083528493413,0.0022162312587154704
0.003628031315638681,0.039944982259732566
0.001331811263318118,0.009889598253580545
-0.017100513015390433,-0.043822573785523046
-0.015899864682002805,0.0017912497944373113
0.028777685016942563,0.0376962169339193
0.007207981287889593,0.044731530868247944
0.027251184834123223,0.03176026261132999
-0.0016147635524797893,0.037480453512108505
0.001062846580406607,0.013117670701863891
0.0027696994876056998,0.06138011315585423
0.004189108318372216,-0.004563114016305563
0.0005042633171357166,0.016327452623274546
-0.0005956471935853171,0.006770195082028765
0.00169631395562078,0.018267502009020484
-0.0073001052679756455,0.01006431006032741
-0.015837156227667775,0.027638313813744753
0.015084793403916419,0.25586471211432804
-0.003184419420343353,-0.07988977408495854
0.0010185656743367695,0.04506416572675916
-0.009504648258637467,-0.008981174290751135
-0.00501972870117433,-0.015406120879116735
9.386146048423977e-05,0.036879419477554874
-0.020225246363209774,-0.007005816199634238
0.03563389051199783,0.08168876286045967
0.013134162697127942,0.07617565350604809
0.0093577395353084,0.00824085264616106
-0.0071454413892909395,-0.010253303455765573
0.026919923476359776,0.0583235301140259
0.002084719449988906,-0.045916605504770384
-0.0019918555240793956,0.015420492119903198
-0.0037699028695613356,-0.009146769802786746
0.008147092867954824,0.06905802093155261
0.0020313534996687106,-0.03374795706413541
-0.00026442201754000384,-0.038878432004027755
0.01159356402909422,0.08316851295994408
-0.0031375283249086075,-0.006308884754546832
0.00948592411260717,0.015155491526293703
0.014030225609492093,0.023417112424024736
0.005893154545842744,-0.0011305553569925832
0.01137762683082151,0.043775778148447825
-0.0015531209335516289,0.029655972105341565
-0.00046245690742459275,0.015400011106339604
-0.013922187171398537,-0.033414141679734735
0.0059503497696639235,-0.00889863974801245
-0.002862170585366936,0.03526838776169369
-0.007101547882292854,-0.026604790104527692
0.0075163818578953935,0.013012291695393044
0.01502688686263256,0.009525648592024127
0.001884579948069424,0.012269687252642271
-0.0003762069974501668,0.011890127472980006
-0.007694237685038067,0.024047599377353582
0.01839443742098601,-0.012742213750980488
0.007179359857654248,0.007747020258285453
0.0034921939194740934,-0.026163141328604783
-0.006796315250767642,-0.037195838862173085
0.0011542108083597887,0.08231785427678502
-0.0017704945032322099,0.022010148991165532
-0.004784688995215297,-0.009402687427531933
0.013262599469496091,-0.006030969167371732
0.008507853403141296,0.06418670756584746
0.0008922777417261472,-0.020668967208016358
0.0031607099440797517,-0.0026045605156017875
-0.014137986750686702,0.011244721759158416
-0.004752929607473558,-0.04694282171541526
0.008480856319473044,0.06247569205074694
0.012304049640757715,0.10000082128589365
-0.006145805608652523,-0.013844409212479019
0.00937309799147901,-0.03280589647624016
0.0012461810580478125,0.012375038956569169
0.004817922672341177,0.0058681521995591675
0.01582291125584372,0.033174142524192825
0.0033040947173818,-0.08710972373868522
0.006029717332497004,-0.007534026853218811
-0.000748222970445221,-0.018988628092692826
0.005436478222887829,0.020120011416847872
0.0001551530196657246,-0.031323009904414056
0.0015512895094046044,0.028013173509802702
0.007744433688286544,0.04349720060201312
0.018021133525456284,-0.0007341695315419243
0.00024533856722275884,0.02806212527751579
0.0020188298333994642,-0.017666604702143037
0.007531821947729155,0.026955862058259925
0.0034761157210137054,-0.0090690899012907
0.01515998063098295,0.010518926067305449
0.013979599324869751,0.009814912420425377
0.012556540618780424,-0.005754470648244516
0.015452791079980032,0.0341155652645533
-0.014161833436567376,-0.07078802955429257
-0.07046979865771816,-0.02941894681044196
0.04743067823949621,0.0385464837218492
-0.0030799692003081135,-0.005137531010295646
-0.021773511346500275,0.03735784217011536
0.037372636011580244,0.029366791241596864
-0.004041172846218002,-0.039336804629124277
-0.037791808439018144,0.03186580097775235
-0.011459475814076733,-0.02383211024170728
0.00787359400107121,-0.031025479615288724
0.015495107008100554,0.043804407500987325
0.005401465311004972,0.019357991690059362
-0.006450653430743827,-0.003801197475914099
-0.02151704524192643,-0.018113267059102416
0.041077711488450304,0.016202270547433225
-0.00213429529683609,0.05764879825032414
0.0029082609335886484,0.08498536181550567
3.6706676944502824e-05,0.03896194167182646
0.016774335633533963,0.02174751215486183
-0.0019854878885239213,0.035526432935299675
-0.002712869854590176,0.0005076132464230954
-0.012077907946755593,-0.043652626697027436
0.0021293780747484547,-0.014033041375318809
0.02264067995310671,0.0404733407621328
0.0025077022282727146,-0.023592820529466943
0.013936535162950174,-0.011018562837797593
-0.004440685134277828,-0.018599114192214068
0.0029382611158311526,-0.006533249652123142
0.0015530690762768618,0.017322925552801842
0.009733920704845817,0.08016569757497051
0.011615569330429551,0.018851141061381003
-0.009591498757935513,-0.07066024940754628
0.013760189507420011,0.03188820881651557
0.006906979141610223,-0.010563640697470058
-0.009896935362773794,-0.023112932558661977
-0.001378739831793662,0.022618634752857386
-0.04497445809747352,-0.05127889069400398
0.0020600672232462076,-0.07347903412614032
-0.040431364062612635,-0.06480501659655208
0.03161059951136992,0.07429162654017661
0.01661444290607011,-0.019205397100089124
-0.026449716866174453,0.0068513477071930635
-0.03129141510823148,-0.00022648414132716256
0.040928783157254844,0.002663025944485098
-0.016063670548720505,-0.00015446729431006103
-0.02467440911283432,0.0010689151005190032
-0.06315148748383168,6.0054803022550424e-05
0.013968975879152105,0.0017518354806667492
-0.008089707649179056,-0.0001600833606730966
0.040293927648578885,-0.0039514981262078796
0.02747807187766818,-3.347308697967054e-05
0.00298405983228836,0.002560277709037443
0.017248521824275914,1.1652386406966221e-05
-0.004390803746621878,0.0016152640189132546
0.02794841665303216,-4.470648255398028e-05
0.006583707133555178,0.0012418714250816891
0.008660964565514358,0.00012380825471684632
-0.02804004703032032,-0.042771877602745305
0.02837243401759534,0.14713356494103227
0.010123333570970183,0.03056008022051965
-0.003458253934645922,-0.03820562945298162
0.01972379603399431,-0.0074449402138959675
0.006667361183456467,0.004964538935005697
0.0004484459622615318,0.03697107789798379
0.006861595752017134,0.01284955575015807
0.0024314235813843238,0.00203280314296197
-0.02302541678054116,-0.0036601016654723706
-0.0022029512553325245,-0.009829894461480627
-0.005151568249518231,0.005551220294311623
-0.026525292377060635,-0.00272095040401759
0.03441288221458292,0.04559860535462569
0.011614076820821356,-0.01721584061733801
0.017117366346220308,0.03780580531142328
-0.004895794376636174,0.028796239613501803
0.016502101199220964,0.013047859920034884
0.007596127991395698,0.020714022963965652
0.000610447661618496,0.01292225839499433
0.002807012864919955,0.017546529009247212
-0.02332075597147649,0.01006665401205483
-0.004101569148031045,-0.0051316404340476865
-0.01953278534442974,0.0438338244520196
0.014212012409802343,0.005284927276256965
0.011043248426689474,0.04086116086332752
0.013734022300788561,0.010329461960279604
0.011804158283031652,0.06440723092499218
-0.004408060453400639,-0.1163671573571146
-0.008988315190252633,-0.0641140505159067
-0.021498874668279006,-0.05583585130598716
0.01795461567510028,-0.011708744902972846
0.008329960879536042,0.16079339563508777
0.0028429044449647905,0.019449235278033286
0.017142475987193123,-0.014288616445315741
0.009508820250508155,-0.01266575201381641
0.00980576848122647,0.016884094177386493
0.000743006571265892,0.01578332160961483
0.011808568765467924,0.08477521536641901
-0.001505698784005433,-0.018500766434962106
0.007698915152864875,0.022893567806943023
0.012217837411207591,0.060798279227724836
0.009388060632524455,0.20749639841484963
-0.00624169576368069,-0.11863359156828092
0.017474581014271958,0.0700891161247575
0.013385080829997235,0.01977471872028707
0.0024426283887699473,-0.008348368105009446
-0.016394922086517022,-0.058517021670249615
0.01715753738875113,0.0636075505290205
0.014312345901738072,-0.004975167383740667
-0.004772632951917986,0.0037592732630859892
-0.13656807553688982,-0.2237702290391066
